Instrument,Prompt
Others Left,slide in Wooden box with strings and keys to the music
Others Left,pop in Wooden box with strings and keys to the music
Others Left,slot in Wooden box with strings and keys to the music
Others Left,fit in Wooden box with strings and keys to the music
Others Left,place in Wooden box with strings and keys to the music
Others Left,tuck in Wooden box with strings and keys to the music
Others Left,stick in Wooden box with strings and keys to the music
Others Left,press in Wooden box with strings and keys to the music
Others Left,ease in Wooden box with strings and keys to the music
Others Left,nestle in Wooden box with strings and keys to the music
Others Left,slide in like a mix of a piano and a guitar to the music
Others Left,pop in like a mix of a piano and a guitar to the music
Others Left,slot in like a mix of a piano and a guitar to the music
Others Left,fit in like a mix of a piano and a guitar to the music
Others Left,place in like a mix of a piano and a guitar to the music
Others Left,tuck in like a mix of a piano and a guitar to the music
Others Left,stick in like a mix of a piano and a guitar to the music
Others Left,press in like a mix of a piano and a guitar to the music
Others Left,ease in like a mix of a piano and a guitar to the music
Others Left,nestle in like a mix of a piano and a guitar to the music
Others Left,slide in can be plucked or hammered. to the music
Others Left,pop in can be plucked or hammered. to the music
Others Left,slot in can be plucked or hammered. to the music
Others Left,fit in can be plucked or hammered. to the music
Others Left,place in can be plucked or hammered. to the music
Others Left,tuck in can be plucked or hammered. to the music
Others Left,stick in can be plucked or hammered. to the music
Others Left,press in can be plucked or hammered. to the music
Others Left,ease in can be plucked or hammered. to the music
Others Left,nestle in can be plucked or hammered. to the music
Accordion,slide in Bellow-driven to the music
Accordion,pop in Bellow-driven to the music
Accordion,slot in Bellow-driven to the music
Accordion,fit in Bellow-driven to the music
Accordion,place in Bellow-driven to the music
Accordion,tuck in Bellow-driven to the music
Accordion,stick in Bellow-driven to the music
Accordion,press in Bellow-driven to the music
Accordion,ease in Bellow-driven to the music
Accordion,nestle in Bellow-driven to the music
Accordion,slide in Keyboard to the music
Accordion,pop in Keyboard to the music
Accordion,slot in Keyboard to the music
Accordion,fit in Keyboard to the music
Accordion,place in Keyboard to the music
Accordion,tuck in Keyboard to the music
Accordion,stick in Keyboard to the music
Accordion,press in Keyboard to the music
Accordion,ease in Keyboard to the music
Accordion,nestle in Keyboard to the music
Accordion,slide in Reeds to the music
Accordion,pop in Reeds to the music
Accordion,slot in Reeds to the music
Accordion,fit in Reeds to the music
Accordion,place in Reeds to the music
Accordion,tuck in Reeds to the music
Accordion,stick in Reeds to the music
Accordion,press in Reeds to the music
Accordion,ease in Reeds to the music
Accordion,nestle in Reeds to the music
Accordion,slide in Squeezebox to the music
Accordion,pop in Squeezebox to the music
Accordion,slot in Squeezebox to the music
Accordion,fit in Squeezebox to the music
Accordion,place in Squeezebox to the music
Accordion,tuck in Squeezebox to the music
Accordion,stick in Squeezebox to the music
Accordion,press in Squeezebox to the music
Accordion,ease in Squeezebox to the music
Accordion,nestle in Squeezebox to the music
Accordion,slide in Bellows to the music
Accordion,pop in Bellows to the music
Accordion,slot in Bellows to the music
Accordion,fit in Bellows to the music
Accordion,place in Bellows to the music
Accordion,tuck in Bellows to the music
Accordion,stick in Bellows to the music
Accordion,press in Bellows to the music
Accordion,ease in Bellows to the music
Accordion,nestle in Bellows to the music
Accordion,slide in Buttons to the music
Accordion,pop in Buttons to the music
Accordion,slot in Buttons to the music
Accordion,fit in Buttons to the music
Accordion,place in Buttons to the music
Accordion,tuck in Buttons to the music
Accordion,stick in Buttons to the music
Accordion,press in Buttons to the music
Accordion,ease in Buttons to the music
Accordion,nestle in Buttons to the music
Accordion,slide in Portable. to the music
Accordion,pop in Portable. to the music
Accordion,slot in Portable. to the music
Accordion,fit in Portable. to the music
Accordion,place in Portable. to the music
Accordion,tuck in Portable. to the music
Accordion,stick in Portable. to the music
Accordion,press in Portable. to the music
Accordion,ease in Portable. to the music
Accordion,nestle in Portable. to the music
Acoustic Guitar,slide in Wooden body to the music
Acoustic Guitar,pop in Wooden body to the music
Acoustic Guitar,slot in Wooden body to the music
Acoustic Guitar,fit in Wooden body to the music
Acoustic Guitar,place in Wooden body to the music
Acoustic Guitar,tuck in Wooden body to the music
Acoustic Guitar,stick in Wooden body to the music
Acoustic Guitar,press in Wooden body to the music
Acoustic Guitar,ease in Wooden body to the music
Acoustic Guitar,nestle in Wooden body to the music
Acoustic Guitar,slide in six strings to the music
Acoustic Guitar,pop in six strings to the music
Acoustic Guitar,slot in six strings to the music
Acoustic Guitar,fit in six strings to the music
Acoustic Guitar,place in six strings to the music
Acoustic Guitar,tuck in six strings to the music
Acoustic Guitar,stick in six strings to the music
Acoustic Guitar,press in six strings to the music
Acoustic Guitar,ease in six strings to the music
Acoustic Guitar,nestle in six strings to the music
Acoustic Guitar,slide in sound hole to the music
Acoustic Guitar,pop in sound hole to the music
Acoustic Guitar,slot in sound hole to the music
Acoustic Guitar,fit in sound hole to the music
Acoustic Guitar,place in sound hole to the music
Acoustic Guitar,tuck in sound hole to the music
Acoustic Guitar,stick in sound hole to the music
Acoustic Guitar,press in sound hole to the music
Acoustic Guitar,ease in sound hole to the music
Acoustic Guitar,nestle in sound hole to the music
Acoustic Guitar,slide in frets to the music
Acoustic Guitar,pop in frets to the music
Acoustic Guitar,slot in frets to the music
Acoustic Guitar,fit in frets to the music
Acoustic Guitar,place in frets to the music
Acoustic Guitar,tuck in frets to the music
Acoustic Guitar,stick in frets to the music
Acoustic Guitar,press in frets to the music
Acoustic Guitar,ease in frets to the music
Acoustic Guitar,nestle in frets to the music
Acoustic Guitar,slide in strumming to the music
Acoustic Guitar,pop in strumming to the music
Acoustic Guitar,slot in strumming to the music
Acoustic Guitar,fit in strumming to the music
Acoustic Guitar,place in strumming to the music
Acoustic Guitar,tuck in strumming to the music
Acoustic Guitar,stick in strumming to the music
Acoustic Guitar,press in strumming to the music
Acoustic Guitar,ease in strumming to the music
Acoustic Guitar,nestle in strumming to the music
Acoustic Guitar,slide in plucking to the music
Acoustic Guitar,pop in plucking to the music
Acoustic Guitar,slot in plucking to the music
Acoustic Guitar,fit in plucking to the music
Acoustic Guitar,place in plucking to the music
Acoustic Guitar,tuck in plucking to the music
Acoustic Guitar,stick in plucking to the music
Acoustic Guitar,press in plucking to the music
Acoustic Guitar,ease in plucking to the music
Acoustic Guitar,nestle in plucking to the music
Ambience,slide in Mystical to the music
Ambience,pop in Mystical to the music
Ambience,slot in Mystical to the music
Ambience,fit in Mystical to the music
Ambience,place in Mystical to the music
Ambience,tuck in Mystical to the music
Ambience,stick in Mystical to the music
Ambience,press in Mystical to the music
Ambience,ease in Mystical to the music
Ambience,nestle in Mystical to the music
Ambience,slide in Breath-like to the music
Ambience,pop in Breath-like to the music
Ambience,slot in Breath-like to the music
Ambience,fit in Breath-like to the music
Ambience,place in Breath-like to the music
Ambience,tuck in Breath-like to the music
Ambience,stick in Breath-like to the music
Ambience,press in Breath-like to the music
Ambience,ease in Breath-like to the music
Ambience,nestle in Breath-like to the music
Ambience,slide in Ethereal to the music
Ambience,pop in Ethereal to the music
Ambience,slot in Ethereal to the music
Ambience,fit in Ethereal to the music
Ambience,place in Ethereal to the music
Ambience,tuck in Ethereal to the music
Ambience,stick in Ethereal to the music
Ambience,press in Ethereal to the music
Ambience,ease in Ethereal to the music
Ambience,nestle in Ethereal to the music
Ambience,slide in Layered to the music
Ambience,pop in Layered to the music
Ambience,slot in Layered to the music
Ambience,fit in Layered to the music
Ambience,place in Layered to the music
Ambience,tuck in Layered to the music
Ambience,stick in Layered to the music
Ambience,press in Layered to the music
Ambience,ease in Layered to the music
Ambience,nestle in Layered to the music
Ambience,slide in Atmospheric to the music
Ambience,pop in Atmospheric to the music
Ambience,slot in Atmospheric to the music
Ambience,fit in Atmospheric to the music
Ambience,place in Atmospheric to the music
Ambience,tuck in Atmospheric to the music
Ambience,stick in Atmospheric to the music
Ambience,press in Atmospheric to the music
Ambience,ease in Atmospheric to the music
Ambience,nestle in Atmospheric to the music
Ambience,slide in Enveloping to the music
Ambience,pop in Enveloping to the music
Ambience,slot in Enveloping to the music
Ambience,fit in Enveloping to the music
Ambience,place in Enveloping to the music
Ambience,tuck in Enveloping to the music
Ambience,stick in Enveloping to the music
Ambience,press in Enveloping to the music
Ambience,ease in Enveloping to the music
Ambience,nestle in Enveloping to the music
Ambience,slide in Evocative to the music
Ambience,pop in Evocative to the music
Ambience,slot in Evocative to the music
Ambience,fit in Evocative to the music
Ambience,place in Evocative to the music
Ambience,tuck in Evocative to the music
Ambience,stick in Evocative to the music
Ambience,press in Evocative to the music
Ambience,ease in Evocative to the music
Ambience,nestle in Evocative to the music
Backing Vox,slide in Harmonizing to the music
Backing Vox,pop in Harmonizing to the music
Backing Vox,slot in Harmonizing to the music
Backing Vox,fit in Harmonizing to the music
Backing Vox,place in Harmonizing to the music
Backing Vox,tuck in Harmonizing to the music
Backing Vox,stick in Harmonizing to the music
Backing Vox,press in Harmonizing to the music
Backing Vox,ease in Harmonizing to the music
Backing Vox,nestle in Harmonizing to the music
Backing Vox,slide in Supporting to the music
Backing Vox,pop in Supporting to the music
Backing Vox,slot in Supporting to the music
Backing Vox,fit in Supporting to the music
Backing Vox,place in Supporting to the music
Backing Vox,tuck in Supporting to the music
Backing Vox,stick in Supporting to the music
Backing Vox,press in Supporting to the music
Backing Vox,ease in Supporting to the music
Backing Vox,nestle in Supporting to the music
Backing Vox,slide in Vocal layers to the music
Backing Vox,pop in Vocal layers to the music
Backing Vox,slot in Vocal layers to the music
Backing Vox,fit in Vocal layers to the music
Backing Vox,place in Vocal layers to the music
Backing Vox,tuck in Vocal layers to the music
Backing Vox,stick in Vocal layers to the music
Backing Vox,press in Vocal layers to the music
Backing Vox,ease in Vocal layers to the music
Backing Vox,nestle in Vocal layers to the music
Backing Vox,slide in Melodic complement to the music
Backing Vox,pop in Melodic complement to the music
Backing Vox,slot in Melodic complement to the music
Backing Vox,fit in Melodic complement to the music
Backing Vox,place in Melodic complement to the music
Backing Vox,tuck in Melodic complement to the music
Backing Vox,stick in Melodic complement to the music
Backing Vox,press in Melodic complement to the music
Backing Vox,ease in Melodic complement to the music
Backing Vox,nestle in Melodic complement to the music
Backing Vox,slide in Background singing. to the music
Backing Vox,pop in Background singing. to the music
Backing Vox,slot in Background singing. to the music
Backing Vox,fit in Background singing. to the music
Backing Vox,place in Background singing. to the music
Backing Vox,tuck in Background singing. to the music
Backing Vox,stick in Background singing. to the music
Backing Vox,press in Background singing. to the music
Backing Vox,ease in Background singing. to the music
Backing Vox,nestle in Background singing. to the music
Banjo,slide in Twangy to the music
Banjo,pop in Twangy to the music
Banjo,slot in Twangy to the music
Banjo,fit in Twangy to the music
Banjo,place in Twangy to the music
Banjo,tuck in Twangy to the music
Banjo,stick in Twangy to the music
Banjo,press in Twangy to the music
Banjo,ease in Twangy to the music
Banjo,nestle in Twangy to the music
Banjo,slide in Plucky to the music
Banjo,pop in Plucky to the music
Banjo,slot in Plucky to the music
Banjo,fit in Plucky to the music
Banjo,place in Plucky to the music
Banjo,tuck in Plucky to the music
Banjo,stick in Plucky to the music
Banjo,press in Plucky to the music
Banjo,ease in Plucky to the music
Banjo,nestle in Plucky to the music
Banjo,slide in Folk to the music
Banjo,pop in Folk to the music
Banjo,slot in Folk to the music
Banjo,fit in Folk to the music
Banjo,place in Folk to the music
Banjo,tuck in Folk to the music
Banjo,stick in Folk to the music
Banjo,press in Folk to the music
Banjo,ease in Folk to the music
Banjo,nestle in Folk to the music
Banjo,slide in Bluegrass to the music
Banjo,pop in Bluegrass to the music
Banjo,slot in Bluegrass to the music
Banjo,fit in Bluegrass to the music
Banjo,place in Bluegrass to the music
Banjo,tuck in Bluegrass to the music
Banjo,stick in Bluegrass to the music
Banjo,press in Bluegrass to the music
Banjo,ease in Bluegrass to the music
Banjo,nestle in Bluegrass to the music
Banjo,slide in Five-String to the music
Banjo,pop in Five-String to the music
Banjo,slot in Five-String to the music
Banjo,fit in Five-String to the music
Banjo,place in Five-String to the music
Banjo,tuck in Five-String to the music
Banjo,stick in Five-String to the music
Banjo,press in Five-String to the music
Banjo,ease in Five-String to the music
Banjo,nestle in Five-String to the music
Banjo,slide in Resonator to the music
Banjo,pop in Resonator to the music
Banjo,slot in Resonator to the music
Banjo,fit in Resonator to the music
Banjo,place in Resonator to the music
Banjo,tuck in Resonator to the music
Banjo,stick in Resonator to the music
Banjo,press in Resonator to the music
Banjo,ease in Resonator to the music
Banjo,nestle in Resonator to the music
Bass,slide in Deep to the music
Bass,pop in Deep to the music
Bass,slot in Deep to the music
Bass,fit in Deep to the music
Bass,place in Deep to the music
Bass,tuck in Deep to the music
Bass,stick in Deep to the music
Bass,press in Deep to the music
Bass,ease in Deep to the music
Bass,nestle in Deep to the music
Bass,slide in resonant to the music
Bass,pop in resonant to the music
Bass,slot in resonant to the music
Bass,fit in resonant to the music
Bass,place in resonant to the music
Bass,tuck in resonant to the music
Bass,stick in resonant to the music
Bass,press in resonant to the music
Bass,ease in resonant to the music
Bass,nestle in resonant to the music
Bass,slide in low-pitched to the music
Bass,pop in low-pitched to the music
Bass,slot in low-pitched to the music
Bass,fit in low-pitched to the music
Bass,place in low-pitched to the music
Bass,tuck in low-pitched to the music
Bass,stick in low-pitched to the music
Bass,press in low-pitched to the music
Bass,ease in low-pitched to the music
Bass,nestle in low-pitched to the music
Bass,slide in stringed to the music
Bass,pop in stringed to the music
Bass,slot in stringed to the music
Bass,fit in stringed to the music
Bass,place in stringed to the music
Bass,tuck in stringed to the music
Bass,stick in stringed to the music
Bass,press in stringed to the music
Bass,ease in stringed to the music
Bass,nestle in stringed to the music
Bass,slide in foundational to the music
Bass,pop in foundational to the music
Bass,slot in foundational to the music
Bass,fit in foundational to the music
Bass,place in foundational to the music
Bass,tuck in foundational to the music
Bass,stick in foundational to the music
Bass,press in foundational to the music
Bass,ease in foundational to the music
Bass,nestle in foundational to the music
Bass,slide in rhythmic to the music
Bass,pop in rhythmic to the music
Bass,slot in rhythmic to the music
Bass,fit in rhythmic to the music
Bass,place in rhythmic to the music
Bass,tuck in rhythmic to the music
Bass,stick in rhythmic to the music
Bass,press in rhythmic to the music
Bass,ease in rhythmic to the music
Bass,nestle in rhythmic to the music
Bass,slide in rumbling to the music
Bass,pop in rumbling to the music
Bass,slot in rumbling to the music
Bass,fit in rumbling to the music
Bass,place in rumbling to the music
Bass,tuck in rumbling to the music
Bass,stick in rumbling to the music
Bass,press in rumbling to the music
Bass,ease in rumbling to the music
Bass,nestle in rumbling to the music
Bass,slide in groovy. to the music
Bass,pop in groovy. to the music
Bass,slot in groovy. to the music
Bass,fit in groovy. to the music
Bass,place in groovy. to the music
Bass,tuck in groovy. to the music
Bass,stick in groovy. to the music
Bass,press in groovy. to the music
Bass,ease in groovy. to the music
Bass,nestle in groovy. to the music
Bells,slide in Shimmering to the music
Bells,pop in Shimmering to the music
Bells,slot in Shimmering to the music
Bells,fit in Shimmering to the music
Bells,place in Shimmering to the music
Bells,tuck in Shimmering to the music
Bells,stick in Shimmering to the music
Bells,press in Shimmering to the music
Bells,ease in Shimmering to the music
Bells,nestle in Shimmering to the music
Bells,slide in Plinky to the music
Bells,pop in Plinky to the music
Bells,slot in Plinky to the music
Bells,fit in Plinky to the music
Bells,place in Plinky to the music
Bells,tuck in Plinky to the music
Bells,stick in Plinky to the music
Bells,press in Plinky to the music
Bells,ease in Plinky to the music
Bells,nestle in Plinky to the music
Bells,slide in Percussive to the music
Bells,pop in Percussive to the music
Bells,slot in Percussive to the music
Bells,fit in Percussive to the music
Bells,place in Percussive to the music
Bells,tuck in Percussive to the music
Bells,stick in Percussive to the music
Bells,press in Percussive to the music
Bells,ease in Percussive to the music
Bells,nestle in Percussive to the music
Bells,slide in Metallic to the music
Bells,pop in Metallic to the music
Bells,slot in Metallic to the music
Bells,fit in Metallic to the music
Bells,place in Metallic to the music
Bells,tuck in Metallic to the music
Bells,stick in Metallic to the music
Bells,press in Metallic to the music
Bells,ease in Metallic to the music
Bells,nestle in Metallic to the music
Bells,slide in Resonant to the music
Bells,pop in Resonant to the music
Bells,slot in Resonant to the music
Bells,fit in Resonant to the music
Bells,place in Resonant to the music
Bells,tuck in Resonant to the music
Bells,stick in Resonant to the music
Bells,press in Resonant to the music
Bells,ease in Resonant to the music
Bells,nestle in Resonant to the music
Brass,slide in Loud to the music
Brass,pop in Loud to the music
Brass,slot in Loud to the music
Brass,fit in Loud to the music
Brass,place in Loud to the music
Brass,tuck in Loud to the music
Brass,stick in Loud to the music
Brass,press in Loud to the music
Brass,ease in Loud to the music
Brass,nestle in Loud to the music
Brass,slide in Shiny to the music
Brass,pop in Shiny to the music
Brass,slot in Shiny to the music
Brass,fit in Shiny to the music
Brass,place in Shiny to the music
Brass,tuck in Shiny to the music
Brass,stick in Shiny to the music
Brass,press in Shiny to the music
Brass,ease in Shiny to the music
Brass,nestle in Shiny to the music
Brass,slide in Golden to the music
Brass,pop in Golden to the music
Brass,slot in Golden to the music
Brass,fit in Golden to the music
Brass,place in Golden to the music
Brass,tuck in Golden to the music
Brass,stick in Golden to the music
Brass,press in Golden to the music
Brass,ease in Golden to the music
Brass,nestle in Golden to the music
Brass,slide in Valves to the music
Brass,pop in Valves to the music
Brass,slot in Valves to the music
Brass,fit in Valves to the music
Brass,place in Valves to the music
Brass,tuck in Valves to the music
Brass,stick in Valves to the music
Brass,press in Valves to the music
Brass,ease in Valves to the music
Brass,nestle in Valves to the music
Brass,slide in Wind to the music
Brass,pop in Wind to the music
Brass,slot in Wind to the music
Brass,fit in Wind to the music
Brass,place in Wind to the music
Brass,tuck in Wind to the music
Brass,stick in Wind to the music
Brass,press in Wind to the music
Brass,ease in Wind to the music
Brass,nestle in Wind to the music
Brass,slide in Resonant to the music
Brass,pop in Resonant to the music
Brass,slot in Resonant to the music
Brass,fit in Resonant to the music
Brass,place in Resonant to the music
Brass,tuck in Resonant to the music
Brass,stick in Resonant to the music
Brass,press in Resonant to the music
Brass,ease in Resonant to the music
Brass,nestle in Resonant to the music
Brass,slide in Bold to the music
Brass,pop in Bold to the music
Brass,slot in Bold to the music
Brass,fit in Bold to the music
Brass,place in Bold to the music
Brass,tuck in Bold to the music
Brass,stick in Bold to the music
Brass,press in Bold to the music
Brass,ease in Bold to the music
Brass,nestle in Bold to the music
Brass,slide in Section to the music
Brass,pop in Section to the music
Brass,slot in Section to the music
Brass,fit in Section to the music
Brass,place in Section to the music
Brass,tuck in Section to the music
Brass,stick in Section to the music
Brass,press in Section to the music
Brass,ease in Section to the music
Brass,nestle in Section to the music
Brass,slide in Powerful to the music
Brass,pop in Powerful to the music
Brass,slot in Powerful to the music
Brass,fit in Powerful to the music
Brass,place in Powerful to the music
Brass,tuck in Powerful to the music
Brass,stick in Powerful to the music
Brass,press in Powerful to the music
Brass,ease in Powerful to the music
Brass,nestle in Powerful to the music
Choir,slide in Harmonious voices to the music
Choir,pop in Harmonious voices to the music
Choir,slot in Harmonious voices to the music
Choir,fit in Harmonious voices to the music
Choir,place in Harmonious voices to the music
Choir,tuck in Harmonious voices to the music
Choir,stick in Harmonious voices to the music
Choir,press in Harmonious voices to the music
Choir,ease in Harmonious voices to the music
Choir,nestle in Harmonious voices to the music
Choir,slide in Collective singing to the music
Choir,pop in Collective singing to the music
Choir,slot in Collective singing to the music
Choir,fit in Collective singing to the music
Choir,place in Collective singing to the music
Choir,tuck in Collective singing to the music
Choir,stick in Collective singing to the music
Choir,press in Collective singing to the music
Choir,ease in Collective singing to the music
Choir,nestle in Collective singing to the music
Choir,slide in Group performance to the music
Choir,pop in Group performance to the music
Choir,slot in Group performance to the music
Choir,fit in Group performance to the music
Choir,place in Group performance to the music
Choir,tuck in Group performance to the music
Choir,stick in Group performance to the music
Choir,press in Group performance to the music
Choir,ease in Group performance to the music
Choir,nestle in Group performance to the music
Choir,slide in Choral music to the music
Choir,pop in Choral music to the music
Choir,slot in Choral music to the music
Choir,fit in Choral music to the music
Choir,place in Choral music to the music
Choir,tuck in Choral music to the music
Choir,stick in Choral music to the music
Choir,press in Choral music to the music
Choir,ease in Choral music to the music
Choir,nestle in Choral music to the music
Choir,slide in Vocal ensemble to the music
Choir,pop in Vocal ensemble to the music
Choir,slot in Vocal ensemble to the music
Choir,fit in Vocal ensemble to the music
Choir,place in Vocal ensemble to the music
Choir,tuck in Vocal ensemble to the music
Choir,stick in Vocal ensemble to the music
Choir,press in Vocal ensemble to the music
Choir,ease in Vocal ensemble to the music
Choir,nestle in Vocal ensemble to the music
Clap,slide in Percussive to the music
Clap,pop in Percussive to the music
Clap,slot in Percussive to the music
Clap,fit in Percussive to the music
Clap,place in Percussive to the music
Clap,tuck in Percussive to the music
Clap,stick in Percussive to the music
Clap,press in Percussive to the music
Clap,ease in Percussive to the music
Clap,nestle in Percussive to the music
Clap,slide in Hand-based to the music
Clap,pop in Hand-based to the music
Clap,slot in Hand-based to the music
Clap,fit in Hand-based to the music
Clap,place in Hand-based to the music
Clap,tuck in Hand-based to the music
Clap,stick in Hand-based to the music
Clap,press in Hand-based to the music
Clap,ease in Hand-based to the music
Clap,nestle in Hand-based to the music
Clap,slide in Rhythmic to the music
Clap,pop in Rhythmic to the music
Clap,slot in Rhythmic to the music
Clap,fit in Rhythmic to the music
Clap,place in Rhythmic to the music
Clap,tuck in Rhythmic to the music
Clap,stick in Rhythmic to the music
Clap,press in Rhythmic to the music
Clap,ease in Rhythmic to the music
Clap,nestle in Rhythmic to the music
Clap,slide in Audience participation. to the music
Clap,pop in Audience participation. to the music
Clap,slot in Audience participation. to the music
Clap,fit in Audience participation. to the music
Clap,place in Audience participation. to the music
Clap,tuck in Audience participation. to the music
Clap,stick in Audience participation. to the music
Clap,press in Audience participation. to the music
Clap,ease in Audience participation. to the music
Clap,nestle in Audience participation. to the music
Clarinet,slide in Wooden to the music
Clarinet,pop in Wooden to the music
Clarinet,slot in Wooden to the music
Clarinet,fit in Wooden to the music
Clarinet,place in Wooden to the music
Clarinet,tuck in Wooden to the music
Clarinet,stick in Wooden to the music
Clarinet,press in Wooden to the music
Clarinet,ease in Wooden to the music
Clarinet,nestle in Wooden to the music
Clarinet,slide in Curved to the music
Clarinet,pop in Curved to the music
Clarinet,slot in Curved to the music
Clarinet,fit in Curved to the music
Clarinet,place in Curved to the music
Clarinet,tuck in Curved to the music
Clarinet,stick in Curved to the music
Clarinet,press in Curved to the music
Clarinet,ease in Curved to the music
Clarinet,nestle in Curved to the music
Clarinet,slide in Single reed to the music
Clarinet,pop in Single reed to the music
Clarinet,slot in Single reed to the music
Clarinet,fit in Single reed to the music
Clarinet,place in Single reed to the music
Clarinet,tuck in Single reed to the music
Clarinet,stick in Single reed to the music
Clarinet,press in Single reed to the music
Clarinet,ease in Single reed to the music
Clarinet,nestle in Single reed to the music
Clarinet,slide in Keyed to the music
Clarinet,pop in Keyed to the music
Clarinet,slot in Keyed to the music
Clarinet,fit in Keyed to the music
Clarinet,place in Keyed to the music
Clarinet,tuck in Keyed to the music
Clarinet,stick in Keyed to the music
Clarinet,press in Keyed to the music
Clarinet,ease in Keyed to the music
Clarinet,nestle in Keyed to the music
Clarinet,slide in Melodious to the music
Clarinet,pop in Melodious to the music
Clarinet,slot in Melodious to the music
Clarinet,fit in Melodious to the music
Clarinet,place in Melodious to the music
Clarinet,tuck in Melodious to the music
Clarinet,stick in Melodious to the music
Clarinet,press in Melodious to the music
Clarinet,ease in Melodious to the music
Clarinet,nestle in Melodious to the music
Cymbals,slide in Shiny to the music
Cymbals,pop in Shiny to the music
Cymbals,slot in Shiny to the music
Cymbals,fit in Shiny to the music
Cymbals,place in Shiny to the music
Cymbals,tuck in Shiny to the music
Cymbals,stick in Shiny to the music
Cymbals,press in Shiny to the music
Cymbals,ease in Shiny to the music
Cymbals,nestle in Shiny to the music
Cymbals,slide in round to the music
Cymbals,pop in round to the music
Cymbals,slot in round to the music
Cymbals,fit in round to the music
Cymbals,place in round to the music
Cymbals,tuck in round to the music
Cymbals,stick in round to the music
Cymbals,press in round to the music
Cymbals,ease in round to the music
Cymbals,nestle in round to the music
Cymbals,slide in metallic to the music
Cymbals,pop in metallic to the music
Cymbals,slot in metallic to the music
Cymbals,fit in metallic to the music
Cymbals,place in metallic to the music
Cymbals,tuck in metallic to the music
Cymbals,stick in metallic to the music
Cymbals,press in metallic to the music
Cymbals,ease in metallic to the music
Cymbals,nestle in metallic to the music
Cymbals,slide in clash to the music
Cymbals,pop in clash to the music
Cymbals,slot in clash to the music
Cymbals,fit in clash to the music
Cymbals,place in clash to the music
Cymbals,tuck in clash to the music
Cymbals,stick in clash to the music
Cymbals,press in clash to the music
Cymbals,ease in clash to the music
Cymbals,nestle in clash to the music
Cymbals,slide in percussion to the music
Cymbals,pop in percussion to the music
Cymbals,slot in percussion to the music
Cymbals,fit in percussion to the music
Cymbals,place in percussion to the music
Cymbals,tuck in percussion to the music
Cymbals,stick in percussion to the music
Cymbals,press in percussion to the music
Cymbals,ease in percussion to the music
Cymbals,nestle in percussion to the music
Cymbals,slide in crash. to the music
Cymbals,pop in crash. to the music
Cymbals,slot in crash. to the music
Cymbals,fit in crash. to the music
Cymbals,place in crash. to the music
Cymbals,tuck in crash. to the music
Cymbals,stick in crash. to the music
Cymbals,press in crash. to the music
Cymbals,ease in crash. to the music
Cymbals,nestle in crash. to the music
Drums,slide in Percussive beats to the music
Drums,pop in Percussive beats to the music
Drums,slot in Percussive beats to the music
Drums,fit in Percussive beats to the music
Drums,place in Percussive beats to the music
Drums,tuck in Percussive beats to the music
Drums,stick in Percussive beats to the music
Drums,press in Percussive beats to the music
Drums,ease in Percussive beats to the music
Drums,nestle in Percussive beats to the music
Drums,slide in Cymbals to the music
Drums,pop in Cymbals to the music
Drums,slot in Cymbals to the music
Drums,fit in Cymbals to the music
Drums,place in Cymbals to the music
Drums,tuck in Cymbals to the music
Drums,stick in Cymbals to the music
Drums,press in Cymbals to the music
Drums,ease in Cymbals to the music
Drums,nestle in Cymbals to the music
Drums,slide in Drumsticks to the music
Drums,pop in Drumsticks to the music
Drums,slot in Drumsticks to the music
Drums,fit in Drumsticks to the music
Drums,place in Drumsticks to the music
Drums,tuck in Drumsticks to the music
Drums,stick in Drumsticks to the music
Drums,press in Drumsticks to the music
Drums,ease in Drumsticks to the music
Drums,nestle in Drumsticks to the music
Drums,slide in Rhythmic to the music
Drums,pop in Rhythmic to the music
Drums,slot in Rhythmic to the music
Drums,fit in Rhythmic to the music
Drums,place in Rhythmic to the music
Drums,tuck in Rhythmic to the music
Drums,stick in Rhythmic to the music
Drums,press in Rhythmic to the music
Drums,ease in Rhythmic to the music
Drums,nestle in Rhythmic to the music
Drums,slide in Groove to the music
Drums,pop in Groove to the music
Drums,slot in Groove to the music
Drums,fit in Groove to the music
Drums,place in Groove to the music
Drums,tuck in Groove to the music
Drums,stick in Groove to the music
Drums,press in Groove to the music
Drums,ease in Groove to the music
Drums,nestle in Groove to the music
Drums,slide in Bass to the music
Drums,pop in Bass to the music
Drums,slot in Bass to the music
Drums,fit in Bass to the music
Drums,place in Bass to the music
Drums,tuck in Bass to the music
Drums,stick in Bass to the music
Drums,press in Bass to the music
Drums,ease in Bass to the music
Drums,nestle in Bass to the music
Drums,slide in Snare to the music
Drums,pop in Snare to the music
Drums,slot in Snare to the music
Drums,fit in Snare to the music
Drums,place in Snare to the music
Drums,tuck in Snare to the music
Drums,stick in Snare to the music
Drums,press in Snare to the music
Drums,ease in Snare to the music
Drums,nestle in Snare to the music
Drums,slide in Tom-toms to the music
Drums,pop in Tom-toms to the music
Drums,slot in Tom-toms to the music
Drums,fit in Tom-toms to the music
Drums,place in Tom-toms to the music
Drums,tuck in Tom-toms to the music
Drums,stick in Tom-toms to the music
Drums,press in Tom-toms to the music
Drums,ease in Tom-toms to the music
Drums,nestle in Tom-toms to the music
Drums,slide in Hi-hat to the music
Drums,pop in Hi-hat to the music
Drums,slot in Hi-hat to the music
Drums,fit in Hi-hat to the music
Drums,place in Hi-hat to the music
Drums,tuck in Hi-hat to the music
Drums,stick in Hi-hat to the music
Drums,press in Hi-hat to the music
Drums,ease in Hi-hat to the music
Drums,nestle in Hi-hat to the music
Electric Guitar,slide in Strings to the music
Electric Guitar,pop in Strings to the music
Electric Guitar,slot in Strings to the music
Electric Guitar,fit in Strings to the music
Electric Guitar,place in Strings to the music
Electric Guitar,tuck in Strings to the music
Electric Guitar,stick in Strings to the music
Electric Guitar,press in Strings to the music
Electric Guitar,ease in Strings to the music
Electric Guitar,nestle in Strings to the music
Electric Guitar,slide in Amplified to the music
Electric Guitar,pop in Amplified to the music
Electric Guitar,slot in Amplified to the music
Electric Guitar,fit in Amplified to the music
Electric Guitar,place in Amplified to the music
Electric Guitar,tuck in Amplified to the music
Electric Guitar,stick in Amplified to the music
Electric Guitar,press in Amplified to the music
Electric Guitar,ease in Amplified to the music
Electric Guitar,nestle in Amplified to the music
Electric Guitar,slide in Fretboard to the music
Electric Guitar,pop in Fretboard to the music
Electric Guitar,slot in Fretboard to the music
Electric Guitar,fit in Fretboard to the music
Electric Guitar,place in Fretboard to the music
Electric Guitar,tuck in Fretboard to the music
Electric Guitar,stick in Fretboard to the music
Electric Guitar,press in Fretboard to the music
Electric Guitar,ease in Fretboard to the music
Electric Guitar,nestle in Fretboard to the music
Electric Guitar,slide in Rock to the music
Electric Guitar,pop in Rock to the music
Electric Guitar,slot in Rock to the music
Electric Guitar,fit in Rock to the music
Electric Guitar,place in Rock to the music
Electric Guitar,tuck in Rock to the music
Electric Guitar,stick in Rock to the music
Electric Guitar,press in Rock to the music
Electric Guitar,ease in Rock to the music
Electric Guitar,nestle in Rock to the music
Electric Guitar,slide in Solid body to the music
Electric Guitar,pop in Solid body to the music
Electric Guitar,slot in Solid body to the music
Electric Guitar,fit in Solid body to the music
Electric Guitar,place in Solid body to the music
Electric Guitar,tuck in Solid body to the music
Electric Guitar,stick in Solid body to the music
Electric Guitar,press in Solid body to the music
Electric Guitar,ease in Solid body to the music
Electric Guitar,nestle in Solid body to the music
Electric Guitar,slide in Pickups to the music
Electric Guitar,pop in Pickups to the music
Electric Guitar,slot in Pickups to the music
Electric Guitar,fit in Pickups to the music
Electric Guitar,place in Pickups to the music
Electric Guitar,tuck in Pickups to the music
Electric Guitar,stick in Pickups to the music
Electric Guitar,press in Pickups to the music
Electric Guitar,ease in Pickups to the music
Electric Guitar,nestle in Pickups to the music
Electric Guitar,slide in Headstock to the music
Electric Guitar,pop in Headstock to the music
Electric Guitar,slot in Headstock to the music
Electric Guitar,fit in Headstock to the music
Electric Guitar,place in Headstock to the music
Electric Guitar,tuck in Headstock to the music
Electric Guitar,stick in Headstock to the music
Electric Guitar,press in Headstock to the music
Electric Guitar,ease in Headstock to the music
Electric Guitar,nestle in Headstock to the music
Electric Guitar,slide in Vibrato. to the music
Electric Guitar,pop in Vibrato. to the music
Electric Guitar,slot in Vibrato. to the music
Electric Guitar,fit in Vibrato. to the music
Electric Guitar,place in Vibrato. to the music
Electric Guitar,tuck in Vibrato. to the music
Electric Guitar,stick in Vibrato. to the music
Electric Guitar,press in Vibrato. to the music
Electric Guitar,ease in Vibrato. to the music
Electric Guitar,nestle in Vibrato. to the music
Electric Piano,slide in Black keys to the music
Electric Piano,pop in Black keys to the music
Electric Piano,slot in Black keys to the music
Electric Piano,fit in Black keys to the music
Electric Piano,place in Black keys to the music
Electric Piano,tuck in Black keys to the music
Electric Piano,stick in Black keys to the music
Electric Piano,press in Black keys to the music
Electric Piano,ease in Black keys to the music
Electric Piano,nestle in Black keys to the music
Electric Piano,slide in White keys to the music
Electric Piano,pop in White keys to the music
Electric Piano,slot in White keys to the music
Electric Piano,fit in White keys to the music
Electric Piano,place in White keys to the music
Electric Piano,tuck in White keys to the music
Electric Piano,stick in White keys to the music
Electric Piano,press in White keys to the music
Electric Piano,ease in White keys to the music
Electric Piano,nestle in White keys to the music
Electric Piano,slide in Amplified to the music
Electric Piano,pop in Amplified to the music
Electric Piano,slot in Amplified to the music
Electric Piano,fit in Amplified to the music
Electric Piano,place in Amplified to the music
Electric Piano,tuck in Amplified to the music
Electric Piano,stick in Amplified to the music
Electric Piano,press in Amplified to the music
Electric Piano,ease in Amplified to the music
Electric Piano,nestle in Amplified to the music
Electric Piano,slide in Vibrant tones to the music
Electric Piano,pop in Vibrant tones to the music
Electric Piano,slot in Vibrant tones to the music
Electric Piano,fit in Vibrant tones to the music
Electric Piano,place in Vibrant tones to the music
Electric Piano,tuck in Vibrant tones to the music
Electric Piano,stick in Vibrant tones to the music
Electric Piano,press in Vibrant tones to the music
Electric Piano,ease in Vibrant tones to the music
Electric Piano,nestle in Vibrant tones to the music
Electric Piano,slide in Portable to the music
Electric Piano,pop in Portable to the music
Electric Piano,slot in Portable to the music
Electric Piano,fit in Portable to the music
Electric Piano,place in Portable to the music
Electric Piano,tuck in Portable to the music
Electric Piano,stick in Portable to the music
Electric Piano,press in Portable to the music
Electric Piano,ease in Portable to the music
Electric Piano,nestle in Portable to the music
Electric Piano,slide in Keyboard to the music
Electric Piano,pop in Keyboard to the music
Electric Piano,slot in Keyboard to the music
Electric Piano,fit in Keyboard to the music
Electric Piano,place in Keyboard to the music
Electric Piano,tuck in Keyboard to the music
Electric Piano,stick in Keyboard to the music
Electric Piano,press in Keyboard to the music
Electric Piano,ease in Keyboard to the music
Electric Piano,nestle in Keyboard to the music
Electric Piano,slide in Electric to the music
Electric Piano,pop in Electric to the music
Electric Piano,slot in Electric to the music
Electric Piano,fit in Electric to the music
Electric Piano,place in Electric to the music
Electric Piano,tuck in Electric to the music
Electric Piano,stick in Electric to the music
Electric Piano,press in Electric to the music
Electric Piano,ease in Electric to the music
Electric Piano,nestle in Electric to the music
Electric Piano,slide in Dynamic volume to the music
Electric Piano,pop in Dynamic volume to the music
Electric Piano,slot in Dynamic volume to the music
Electric Piano,fit in Dynamic volume to the music
Electric Piano,place in Dynamic volume to the music
Electric Piano,tuck in Dynamic volume to the music
Electric Piano,stick in Dynamic volume to the music
Electric Piano,press in Dynamic volume to the music
Electric Piano,ease in Dynamic volume to the music
Electric Piano,nestle in Dynamic volume to the music
Electric Piano,slide in Retro sound to the music
Electric Piano,pop in Retro sound to the music
Electric Piano,slot in Retro sound to the music
Electric Piano,fit in Retro sound to the music
Electric Piano,place in Retro sound to the music
Electric Piano,tuck in Retro sound to the music
Electric Piano,stick in Retro sound to the music
Electric Piano,press in Retro sound to the music
Electric Piano,ease in Retro sound to the music
Electric Piano,nestle in Retro sound to the music
Flute,slide in Woodwind to the music
Flute,pop in Woodwind to the music
Flute,slot in Woodwind to the music
Flute,fit in Woodwind to the music
Flute,place in Woodwind to the music
Flute,tuck in Woodwind to the music
Flute,stick in Woodwind to the music
Flute,press in Woodwind to the music
Flute,ease in Woodwind to the music
Flute,nestle in Woodwind to the music
Flute,slide in Breath-controlled to the music
Flute,pop in Breath-controlled to the music
Flute,slot in Breath-controlled to the music
Flute,fit in Breath-controlled to the music
Flute,place in Breath-controlled to the music
Flute,tuck in Breath-controlled to the music
Flute,stick in Breath-controlled to the music
Flute,press in Breath-controlled to the music
Flute,ease in Breath-controlled to the music
Flute,nestle in Breath-controlled to the music
Flute,slide in Melodic to the music
Flute,pop in Melodic to the music
Flute,slot in Melodic to the music
Flute,fit in Melodic to the music
Flute,place in Melodic to the music
Flute,tuck in Melodic to the music
Flute,stick in Melodic to the music
Flute,press in Melodic to the music
Flute,ease in Melodic to the music
Flute,nestle in Melodic to the music
Flute,slide in Tubular to the music
Flute,pop in Tubular to the music
Flute,slot in Tubular to the music
Flute,fit in Tubular to the music
Flute,place in Tubular to the music
Flute,tuck in Tubular to the music
Flute,stick in Tubular to the music
Flute,press in Tubular to the music
Flute,ease in Tubular to the music
Flute,nestle in Tubular to the music
Flute,slide in High-pitched to the music
Flute,pop in High-pitched to the music
Flute,slot in High-pitched to the music
Flute,fit in High-pitched to the music
Flute,place in High-pitched to the music
Flute,tuck in High-pitched to the music
Flute,stick in High-pitched to the music
Flute,press in High-pitched to the music
Flute,ease in High-pitched to the music
Flute,nestle in High-pitched to the music
Gong,slide in Large to the music
Gong,pop in Large to the music
Gong,slot in Large to the music
Gong,fit in Large to the music
Gong,place in Large to the music
Gong,tuck in Large to the music
Gong,stick in Large to the music
Gong,press in Large to the music
Gong,ease in Large to the music
Gong,nestle in Large to the music
Gong,slide in circular to the music
Gong,pop in circular to the music
Gong,slot in circular to the music
Gong,fit in circular to the music
Gong,place in circular to the music
Gong,tuck in circular to the music
Gong,stick in circular to the music
Gong,press in circular to the music
Gong,ease in circular to the music
Gong,nestle in circular to the music
Gong,slide in resonant to the music
Gong,pop in resonant to the music
Gong,slot in resonant to the music
Gong,fit in resonant to the music
Gong,place in resonant to the music
Gong,tuck in resonant to the music
Gong,stick in resonant to the music
Gong,press in resonant to the music
Gong,ease in resonant to the music
Gong,nestle in resonant to the music
Gong,slide in struck to the music
Gong,pop in struck to the music
Gong,slot in struck to the music
Gong,fit in struck to the music
Gong,place in struck to the music
Gong,tuck in struck to the music
Gong,stick in struck to the music
Gong,press in struck to the music
Gong,ease in struck to the music
Gong,nestle in struck to the music
Gong,slide in metallic to the music
Gong,pop in metallic to the music
Gong,slot in metallic to the music
Gong,fit in metallic to the music
Gong,place in metallic to the music
Gong,tuck in metallic to the music
Gong,stick in metallic to the music
Gong,press in metallic to the music
Gong,ease in metallic to the music
Gong,nestle in metallic to the music
Gong,slide in booming to the music
Gong,pop in booming to the music
Gong,slot in booming to the music
Gong,fit in booming to the music
Gong,place in booming to the music
Gong,tuck in booming to the music
Gong,stick in booming to the music
Gong,press in booming to the music
Gong,ease in booming to the music
Gong,nestle in booming to the music
Gong,slide in percussion to the music
Gong,pop in percussion to the music
Gong,slot in percussion to the music
Gong,fit in percussion to the music
Gong,place in percussion to the music
Gong,tuck in percussion to the music
Gong,stick in percussion to the music
Gong,press in percussion to the music
Gong,ease in percussion to the music
Gong,nestle in percussion to the music
Guitar,slide in Strings to the music
Guitar,pop in Strings to the music
Guitar,slot in Strings to the music
Guitar,fit in Strings to the music
Guitar,place in Strings to the music
Guitar,tuck in Strings to the music
Guitar,stick in Strings to the music
Guitar,press in Strings to the music
Guitar,ease in Strings to the music
Guitar,nestle in Strings to the music
Guitar,slide in Fretboard to the music
Guitar,pop in Fretboard to the music
Guitar,slot in Fretboard to the music
Guitar,fit in Fretboard to the music
Guitar,place in Fretboard to the music
Guitar,tuck in Fretboard to the music
Guitar,stick in Fretboard to the music
Guitar,press in Fretboard to the music
Guitar,ease in Fretboard to the music
Guitar,nestle in Fretboard to the music
Guitar,slide in Body to the music
Guitar,pop in Body to the music
Guitar,slot in Body to the music
Guitar,fit in Body to the music
Guitar,place in Body to the music
Guitar,tuck in Body to the music
Guitar,stick in Body to the music
Guitar,press in Body to the music
Guitar,ease in Body to the music
Guitar,nestle in Body to the music
Guitar,slide in Sound hole to the music
Guitar,pop in Sound hole to the music
Guitar,slot in Sound hole to the music
Guitar,fit in Sound hole to the music
Guitar,place in Sound hole to the music
Guitar,tuck in Sound hole to the music
Guitar,stick in Sound hole to the music
Guitar,press in Sound hole to the music
Guitar,ease in Sound hole to the music
Guitar,nestle in Sound hole to the music
Guitar,slide in Tuning pegs to the music
Guitar,pop in Tuning pegs to the music
Guitar,slot in Tuning pegs to the music
Guitar,fit in Tuning pegs to the music
Guitar,place in Tuning pegs to the music
Guitar,tuck in Tuning pegs to the music
Guitar,stick in Tuning pegs to the music
Guitar,press in Tuning pegs to the music
Guitar,ease in Tuning pegs to the music
Guitar,nestle in Tuning pegs to the music
Harmonica,slide in Small to the music
Harmonica,pop in Small to the music
Harmonica,slot in Small to the music
Harmonica,fit in Small to the music
Harmonica,place in Small to the music
Harmonica,tuck in Small to the music
Harmonica,stick in Small to the music
Harmonica,press in Small to the music
Harmonica,ease in Small to the music
Harmonica,nestle in Small to the music
Harmonica,slide in handheld to the music
Harmonica,pop in handheld to the music
Harmonica,slot in handheld to the music
Harmonica,fit in handheld to the music
Harmonica,place in handheld to the music
Harmonica,tuck in handheld to the music
Harmonica,stick in handheld to the music
Harmonica,press in handheld to the music
Harmonica,ease in handheld to the music
Harmonica,nestle in handheld to the music
Harmonica,slide in metal to the music
Harmonica,pop in metal to the music
Harmonica,slot in metal to the music
Harmonica,fit in metal to the music
Harmonica,place in metal to the music
Harmonica,tuck in metal to the music
Harmonica,stick in metal to the music
Harmonica,press in metal to the music
Harmonica,ease in metal to the music
Harmonica,nestle in metal to the music
Harmonica,slide in reed to the music
Harmonica,pop in reed to the music
Harmonica,slot in reed to the music
Harmonica,fit in reed to the music
Harmonica,place in reed to the music
Harmonica,tuck in reed to the music
Harmonica,stick in reed to the music
Harmonica,press in reed to the music
Harmonica,ease in reed to the music
Harmonica,nestle in reed to the music
Harmonica,slide in breath-powered to the music
Harmonica,pop in breath-powered to the music
Harmonica,slot in breath-powered to the music
Harmonica,fit in breath-powered to the music
Harmonica,place in breath-powered to the music
Harmonica,tuck in breath-powered to the music
Harmonica,stick in breath-powered to the music
Harmonica,press in breath-powered to the music
Harmonica,ease in breath-powered to the music
Harmonica,nestle in breath-powered to the music
Harmonica,slide in bluesy to the music
Harmonica,pop in bluesy to the music
Harmonica,slot in bluesy to the music
Harmonica,fit in bluesy to the music
Harmonica,place in bluesy to the music
Harmonica,tuck in bluesy to the music
Harmonica,stick in bluesy to the music
Harmonica,press in bluesy to the music
Harmonica,ease in bluesy to the music
Harmonica,nestle in bluesy to the music
Harp,slide in Large to the music
Harp,pop in Large to the music
Harp,slot in Large to the music
Harp,fit in Large to the music
Harp,place in Large to the music
Harp,tuck in Large to the music
Harp,stick in Large to the music
Harp,press in Large to the music
Harp,ease in Large to the music
Harp,nestle in Large to the music
Harp,slide in elegant to the music
Harp,pop in elegant to the music
Harp,slot in elegant to the music
Harp,fit in elegant to the music
Harp,place in elegant to the music
Harp,tuck in elegant to the music
Harp,stick in elegant to the music
Harp,press in elegant to the music
Harp,ease in elegant to the music
Harp,nestle in elegant to the music
Harp,slide in angled strings to the music
Harp,pop in angled strings to the music
Harp,slot in angled strings to the music
Harp,fit in angled strings to the music
Harp,place in angled strings to the music
Harp,tuck in angled strings to the music
Harp,stick in angled strings to the music
Harp,press in angled strings to the music
Harp,ease in angled strings to the music
Harp,nestle in angled strings to the music
Harp,slide in graceful curves to the music
Harp,pop in graceful curves to the music
Harp,slot in graceful curves to the music
Harp,fit in graceful curves to the music
Harp,place in graceful curves to the music
Harp,tuck in graceful curves to the music
Harp,stick in graceful curves to the music
Harp,press in graceful curves to the music
Harp,ease in graceful curves to the music
Harp,nestle in graceful curves to the music
Harp,slide in resonant to the music
Harp,pop in resonant to the music
Harp,slot in resonant to the music
Harp,fit in resonant to the music
Harp,place in resonant to the music
Harp,tuck in resonant to the music
Harp,stick in resonant to the music
Harp,press in resonant to the music
Harp,ease in resonant to the music
Harp,nestle in resonant to the music
Harp,slide in ethereal to the music
Harp,pop in ethereal to the music
Harp,slot in ethereal to the music
Harp,fit in ethereal to the music
Harp,place in ethereal to the music
Harp,tuck in ethereal to the music
Harp,stick in ethereal to the music
Harp,press in ethereal to the music
Harp,ease in ethereal to the music
Harp,nestle in ethereal to the music
Harp,slide in heavenly sounds to the music
Harp,pop in heavenly sounds to the music
Harp,slot in heavenly sounds to the music
Harp,fit in heavenly sounds to the music
Harp,place in heavenly sounds to the music
Harp,tuck in heavenly sounds to the music
Harp,stick in heavenly sounds to the music
Harp,press in heavenly sounds to the music
Harp,ease in heavenly sounds to the music
Harp,nestle in heavenly sounds to the music
Marimba,slide in Wooden xylophone to the music
Marimba,pop in Wooden xylophone to the music
Marimba,slot in Wooden xylophone to the music
Marimba,fit in Wooden xylophone to the music
Marimba,place in Wooden xylophone to the music
Marimba,tuck in Wooden xylophone to the music
Marimba,stick in Wooden xylophone to the music
Marimba,press in Wooden xylophone to the music
Marimba,ease in Wooden xylophone to the music
Marimba,nestle in Wooden xylophone to the music
Marimba,slide in large keys to the music
Marimba,pop in large keys to the music
Marimba,slot in large keys to the music
Marimba,fit in large keys to the music
Marimba,place in large keys to the music
Marimba,tuck in large keys to the music
Marimba,stick in large keys to the music
Marimba,press in large keys to the music
Marimba,ease in large keys to the music
Marimba,nestle in large keys to the music
Marimba,slide in resonant tubes to the music
Marimba,pop in resonant tubes to the music
Marimba,slot in resonant tubes to the music
Marimba,fit in resonant tubes to the music
Marimba,place in resonant tubes to the music
Marimba,tuck in resonant tubes to the music
Marimba,stick in resonant tubes to the music
Marimba,press in resonant tubes to the music
Marimba,ease in resonant tubes to the music
Marimba,nestle in resonant tubes to the music
Marimba,slide in mallets to the music
Marimba,pop in mallets to the music
Marimba,slot in mallets to the music
Marimba,fit in mallets to the music
Marimba,place in mallets to the music
Marimba,tuck in mallets to the music
Marimba,stick in mallets to the music
Marimba,press in mallets to the music
Marimba,ease in mallets to the music
Marimba,nestle in mallets to the music
Marimba,slide in percussive to the music
Marimba,pop in percussive to the music
Marimba,slot in percussive to the music
Marimba,fit in percussive to the music
Marimba,place in percussive to the music
Marimba,tuck in percussive to the music
Marimba,stick in percussive to the music
Marimba,press in percussive to the music
Marimba,ease in percussive to the music
Marimba,nestle in percussive to the music
Marimba,slide in warm tones. to the music
Marimba,pop in warm tones. to the music
Marimba,slot in warm tones. to the music
Marimba,fit in warm tones. to the music
Marimba,place in warm tones. to the music
Marimba,tuck in warm tones. to the music
Marimba,stick in warm tones. to the music
Marimba,press in warm tones. to the music
Marimba,ease in warm tones. to the music
Marimba,nestle in warm tones. to the music
Organ,"slide in - Large
- Keyboard
- Pipes
- Bellows
- Church
- Resonant to the music"
Organ,"pop in - Large
- Keyboard
- Pipes
- Bellows
- Church
- Resonant to the music"
Organ,"slot in - Large
- Keyboard
- Pipes
- Bellows
- Church
- Resonant to the music"
Organ,"fit in - Large
- Keyboard
- Pipes
- Bellows
- Church
- Resonant to the music"
Organ,"place in - Large
- Keyboard
- Pipes
- Bellows
- Church
- Resonant to the music"
Organ,"tuck in - Large
- Keyboard
- Pipes
- Bellows
- Church
- Resonant to the music"
Organ,"stick in - Large
- Keyboard
- Pipes
- Bellows
- Church
- Resonant to the music"
Organ,"press in - Large
- Keyboard
- Pipes
- Bellows
- Church
- Resonant to the music"
Organ,"ease in - Large
- Keyboard
- Pipes
- Bellows
- Church
- Resonant to the music"
Organ,"nestle in - Large
- Keyboard
- Pipes
- Bellows
- Church
- Resonant to the music"
Percussion,slide in drums to the music
Percussion,pop in drums to the music
Percussion,slot in drums to the music
Percussion,fit in drums to the music
Percussion,place in drums to the music
Percussion,tuck in drums to the music
Percussion,stick in drums to the music
Percussion,press in drums to the music
Percussion,ease in drums to the music
Percussion,nestle in drums to the music
Percussion,slide in cymbals to the music
Percussion,pop in cymbals to the music
Percussion,slot in cymbals to the music
Percussion,fit in cymbals to the music
Percussion,place in cymbals to the music
Percussion,tuck in cymbals to the music
Percussion,stick in cymbals to the music
Percussion,press in cymbals to the music
Percussion,ease in cymbals to the music
Percussion,nestle in cymbals to the music
Percussion,slide in tambourine to the music
Percussion,pop in tambourine to the music
Percussion,slot in tambourine to the music
Percussion,fit in tambourine to the music
Percussion,place in tambourine to the music
Percussion,tuck in tambourine to the music
Percussion,stick in tambourine to the music
Percussion,press in tambourine to the music
Percussion,ease in tambourine to the music
Percussion,nestle in tambourine to the music
Percussion,slide in triangles to the music
Percussion,pop in triangles to the music
Percussion,slot in triangles to the music
Percussion,fit in triangles to the music
Percussion,place in triangles to the music
Percussion,tuck in triangles to the music
Percussion,stick in triangles to the music
Percussion,press in triangles to the music
Percussion,ease in triangles to the music
Percussion,nestle in triangles to the music
Percussion,slide in maracas to the music
Percussion,pop in maracas to the music
Percussion,slot in maracas to the music
Percussion,fit in maracas to the music
Percussion,place in maracas to the music
Percussion,tuck in maracas to the music
Percussion,stick in maracas to the music
Percussion,press in maracas to the music
Percussion,ease in maracas to the music
Percussion,nestle in maracas to the music
Percussion,slide in xylophone to the music
Percussion,pop in xylophone to the music
Percussion,slot in xylophone to the music
Percussion,fit in xylophone to the music
Percussion,place in xylophone to the music
Percussion,tuck in xylophone to the music
Percussion,stick in xylophone to the music
Percussion,press in xylophone to the music
Percussion,ease in xylophone to the music
Percussion,nestle in xylophone to the music
Percussion,slide in snare drum to the music
Percussion,pop in snare drum to the music
Percussion,slot in snare drum to the music
Percussion,fit in snare drum to the music
Percussion,place in snare drum to the music
Percussion,tuck in snare drum to the music
Percussion,stick in snare drum to the music
Percussion,press in snare drum to the music
Percussion,ease in snare drum to the music
Percussion,nestle in snare drum to the music
Percussion,slide in bongo drums to the music
Percussion,pop in bongo drums to the music
Percussion,slot in bongo drums to the music
Percussion,fit in bongo drums to the music
Percussion,place in bongo drums to the music
Percussion,tuck in bongo drums to the music
Percussion,stick in bongo drums to the music
Percussion,press in bongo drums to the music
Percussion,ease in bongo drums to the music
Percussion,nestle in bongo drums to the music
Percussion,slide in cowbell to the music
Percussion,pop in cowbell to the music
Percussion,slot in cowbell to the music
Percussion,fit in cowbell to the music
Percussion,place in cowbell to the music
Percussion,tuck in cowbell to the music
Percussion,stick in cowbell to the music
Percussion,press in cowbell to the music
Percussion,ease in cowbell to the music
Percussion,nestle in cowbell to the music
Piano,slide in Black and white keys to the music
Piano,pop in Black and white keys to the music
Piano,slot in Black and white keys to the music
Piano,fit in Black and white keys to the music
Piano,place in Black and white keys to the music
Piano,tuck in Black and white keys to the music
Piano,stick in Black and white keys to the music
Piano,press in Black and white keys to the music
Piano,ease in Black and white keys to the music
Piano,nestle in Black and white keys to the music
Piano,slide in strings inside to the music
Piano,pop in strings inside to the music
Piano,slot in strings inside to the music
Piano,fit in strings inside to the music
Piano,place in strings inside to the music
Piano,tuck in strings inside to the music
Piano,stick in strings inside to the music
Piano,press in strings inside to the music
Piano,ease in strings inside to the music
Piano,nestle in strings inside to the music
Piano,slide in hammer mechanism to the music
Piano,pop in hammer mechanism to the music
Piano,slot in hammer mechanism to the music
Piano,fit in hammer mechanism to the music
Piano,place in hammer mechanism to the music
Piano,tuck in hammer mechanism to the music
Piano,stick in hammer mechanism to the music
Piano,press in hammer mechanism to the music
Piano,ease in hammer mechanism to the music
Piano,nestle in hammer mechanism to the music
Piano,slide in pedals to the music
Piano,pop in pedals to the music
Piano,slot in pedals to the music
Piano,fit in pedals to the music
Piano,place in pedals to the music
Piano,tuck in pedals to the music
Piano,stick in pedals to the music
Piano,press in pedals to the music
Piano,ease in pedals to the music
Piano,nestle in pedals to the music
Piano,slide in grand to the music
Piano,pop in grand to the music
Piano,slot in grand to the music
Piano,fit in grand to the music
Piano,place in grand to the music
Piano,tuck in grand to the music
Piano,stick in grand to the music
Piano,press in grand to the music
Piano,ease in grand to the music
Piano,nestle in grand to the music
Piano,slide in upright to the music
Piano,pop in upright to the music
Piano,slot in upright to the music
Piano,fit in upright to the music
Piano,place in upright to the music
Piano,tuck in upright to the music
Piano,stick in upright to the music
Piano,press in upright to the music
Piano,ease in upright to the music
Piano,nestle in upright to the music
Shaker,slide in Percussive to the music
Shaker,pop in Percussive to the music
Shaker,slot in Percussive to the music
Shaker,fit in Percussive to the music
Shaker,place in Percussive to the music
Shaker,tuck in Percussive to the music
Shaker,stick in Percussive to the music
Shaker,press in Percussive to the music
Shaker,ease in Percussive to the music
Shaker,nestle in Percussive to the music
Shaker,slide in Handheld to the music
Shaker,pop in Handheld to the music
Shaker,slot in Handheld to the music
Shaker,fit in Handheld to the music
Shaker,place in Handheld to the music
Shaker,tuck in Handheld to the music
Shaker,stick in Handheld to the music
Shaker,press in Handheld to the music
Shaker,ease in Handheld to the music
Shaker,nestle in Handheld to the music
Shaker,slide in Maraca-like to the music
Shaker,pop in Maraca-like to the music
Shaker,slot in Maraca-like to the music
Shaker,fit in Maraca-like to the music
Shaker,place in Maraca-like to the music
Shaker,tuck in Maraca-like to the music
Shaker,stick in Maraca-like to the music
Shaker,press in Maraca-like to the music
Shaker,ease in Maraca-like to the music
Shaker,nestle in Maraca-like to the music
Shaker,slide in Rattling to the music
Shaker,pop in Rattling to the music
Shaker,slot in Rattling to the music
Shaker,fit in Rattling to the music
Shaker,place in Rattling to the music
Shaker,tuck in Rattling to the music
Shaker,stick in Rattling to the music
Shaker,press in Rattling to the music
Shaker,ease in Rattling to the music
Shaker,nestle in Rattling to the music
Shaker,slide in Shake to the music
Shaker,pop in Shake to the music
Shaker,slot in Shake to the music
Shaker,fit in Shake to the music
Shaker,place in Shake to the music
Shaker,tuck in Shake to the music
Shaker,stick in Shake to the music
Shaker,press in Shake to the music
Shaker,ease in Shake to the music
Shaker,nestle in Shake to the music
Shaker,slide in Small to the music
Shaker,pop in Small to the music
Shaker,slot in Small to the music
Shaker,fit in Small to the music
Shaker,place in Small to the music
Shaker,tuck in Small to the music
Shaker,stick in Small to the music
Shaker,press in Small to the music
Shaker,ease in Small to the music
Shaker,nestle in Small to the music
Shaker,slide in Groovy to the music
Shaker,pop in Groovy to the music
Shaker,slot in Groovy to the music
Shaker,fit in Groovy to the music
Shaker,place in Groovy to the music
Shaker,tuck in Groovy to the music
Shaker,stick in Groovy to the music
Shaker,press in Groovy to the music
Shaker,ease in Groovy to the music
Shaker,nestle in Groovy to the music
Shaker,slide in Latin to the music
Shaker,pop in Latin to the music
Shaker,slot in Latin to the music
Shaker,fit in Latin to the music
Shaker,place in Latin to the music
Shaker,tuck in Latin to the music
Shaker,stick in Latin to the music
Shaker,press in Latin to the music
Shaker,ease in Latin to the music
Shaker,nestle in Latin to the music
Shaker,slide in Colorful to the music
Shaker,pop in Colorful to the music
Shaker,slot in Colorful to the music
Shaker,fit in Colorful to the music
Shaker,place in Colorful to the music
Shaker,tuck in Colorful to the music
Shaker,stick in Colorful to the music
Shaker,press in Colorful to the music
Shaker,ease in Colorful to the music
Shaker,nestle in Colorful to the music
Strings,slide in Vibrating to the music
Strings,pop in Vibrating to the music
Strings,slot in Vibrating to the music
Strings,fit in Vibrating to the music
Strings,place in Vibrating to the music
Strings,tuck in Vibrating to the music
Strings,stick in Vibrating to the music
Strings,press in Vibrating to the music
Strings,ease in Vibrating to the music
Strings,nestle in Vibrating to the music
Strings,slide in Taut to the music
Strings,pop in Taut to the music
Strings,slot in Taut to the music
Strings,fit in Taut to the music
Strings,place in Taut to the music
Strings,tuck in Taut to the music
Strings,stick in Taut to the music
Strings,press in Taut to the music
Strings,ease in Taut to the music
Strings,nestle in Taut to the music
Strings,slide in Resonant to the music
Strings,pop in Resonant to the music
Strings,slot in Resonant to the music
Strings,fit in Resonant to the music
Strings,place in Resonant to the music
Strings,tuck in Resonant to the music
Strings,stick in Resonant to the music
Strings,press in Resonant to the music
Strings,ease in Resonant to the music
Strings,nestle in Resonant to the music
Strings,slide in Plucked to the music
Strings,pop in Plucked to the music
Strings,slot in Plucked to the music
Strings,fit in Plucked to the music
Strings,place in Plucked to the music
Strings,tuck in Plucked to the music
Strings,stick in Plucked to the music
Strings,press in Plucked to the music
Strings,ease in Plucked to the music
Strings,nestle in Plucked to the music
Strings,slide in Bow to the music
Strings,pop in Bow to the music
Strings,slot in Bow to the music
Strings,fit in Bow to the music
Strings,place in Bow to the music
Strings,tuck in Bow to the music
Strings,stick in Bow to the music
Strings,press in Bow to the music
Strings,ease in Bow to the music
Strings,nestle in Bow to the music
Strings,slide in Melodic to the music
Strings,pop in Melodic to the music
Strings,slot in Melodic to the music
Strings,fit in Melodic to the music
Strings,place in Melodic to the music
Strings,tuck in Melodic to the music
Strings,stick in Melodic to the music
Strings,press in Melodic to the music
Strings,ease in Melodic to the music
Strings,nestle in Melodic to the music
Synthesizer,slide in Electric to the music
Synthesizer,pop in Electric to the music
Synthesizer,slot in Electric to the music
Synthesizer,fit in Electric to the music
Synthesizer,place in Electric to the music
Synthesizer,tuck in Electric to the music
Synthesizer,stick in Electric to the music
Synthesizer,press in Electric to the music
Synthesizer,ease in Electric to the music
Synthesizer,nestle in Electric to the music
Synthesizer,slide in Keyboard to the music
Synthesizer,pop in Keyboard to the music
Synthesizer,slot in Keyboard to the music
Synthesizer,fit in Keyboard to the music
Synthesizer,place in Keyboard to the music
Synthesizer,tuck in Keyboard to the music
Synthesizer,stick in Keyboard to the music
Synthesizer,press in Keyboard to the music
Synthesizer,ease in Keyboard to the music
Synthesizer,nestle in Keyboard to the music
Synthesizer,slide in Digital to the music
Synthesizer,pop in Digital to the music
Synthesizer,slot in Digital to the music
Synthesizer,fit in Digital to the music
Synthesizer,place in Digital to the music
Synthesizer,tuck in Digital to the music
Synthesizer,stick in Digital to the music
Synthesizer,press in Digital to the music
Synthesizer,ease in Digital to the music
Synthesizer,nestle in Digital to the music
Synthesizer,slide in Sound effects to the music
Synthesizer,pop in Sound effects to the music
Synthesizer,slot in Sound effects to the music
Synthesizer,fit in Sound effects to the music
Synthesizer,place in Sound effects to the music
Synthesizer,tuck in Sound effects to the music
Synthesizer,stick in Sound effects to the music
Synthesizer,press in Sound effects to the music
Synthesizer,ease in Sound effects to the music
Synthesizer,nestle in Sound effects to the music
Synthesizer,slide in Modulation to the music
Synthesizer,pop in Modulation to the music
Synthesizer,slot in Modulation to the music
Synthesizer,fit in Modulation to the music
Synthesizer,place in Modulation to the music
Synthesizer,tuck in Modulation to the music
Synthesizer,stick in Modulation to the music
Synthesizer,press in Modulation to the music
Synthesizer,ease in Modulation to the music
Synthesizer,nestle in Modulation to the music
Synthesizer,slide in Electronic to the music
Synthesizer,pop in Electronic to the music
Synthesizer,slot in Electronic to the music
Synthesizer,fit in Electronic to the music
Synthesizer,place in Electronic to the music
Synthesizer,tuck in Electronic to the music
Synthesizer,stick in Electronic to the music
Synthesizer,press in Electronic to the music
Synthesizer,ease in Electronic to the music
Synthesizer,nestle in Electronic to the music
Synthesizer,slide in Synthesized to the music
Synthesizer,pop in Synthesized to the music
Synthesizer,slot in Synthesized to the music
Synthesizer,fit in Synthesized to the music
Synthesizer,place in Synthesized to the music
Synthesizer,tuck in Synthesized to the music
Synthesizer,stick in Synthesized to the music
Synthesizer,press in Synthesized to the music
Synthesizer,ease in Synthesized to the music
Synthesizer,nestle in Synthesized to the music
Synthesizer,slide in Control panel. to the music
Synthesizer,pop in Control panel. to the music
Synthesizer,slot in Control panel. to the music
Synthesizer,fit in Control panel. to the music
Synthesizer,place in Control panel. to the music
Synthesizer,tuck in Control panel. to the music
Synthesizer,stick in Control panel. to the music
Synthesizer,press in Control panel. to the music
Synthesizer,ease in Control panel. to the music
Synthesizer,nestle in Control panel. to the music
Vocal,slide in Breath-powered to the music
Vocal,pop in Breath-powered to the music
Vocal,slot in Breath-powered to the music
Vocal,fit in Breath-powered to the music
Vocal,place in Breath-powered to the music
Vocal,tuck in Breath-powered to the music
Vocal,stick in Breath-powered to the music
Vocal,press in Breath-powered to the music
Vocal,ease in Breath-powered to the music
Vocal,nestle in Breath-powered to the music
Vocal,slide in versatile to the music
Vocal,pop in versatile to the music
Vocal,slot in versatile to the music
Vocal,fit in versatile to the music
Vocal,place in versatile to the music
Vocal,tuck in versatile to the music
Vocal,stick in versatile to the music
Vocal,press in versatile to the music
Vocal,ease in versatile to the music
Vocal,nestle in versatile to the music
Vocal,slide in expressive to the music
Vocal,pop in expressive to the music
Vocal,slot in expressive to the music
Vocal,fit in expressive to the music
Vocal,place in expressive to the music
Vocal,tuck in expressive to the music
Vocal,stick in expressive to the music
Vocal,press in expressive to the music
Vocal,ease in expressive to the music
Vocal,nestle in expressive to the music
Vocal,slide in lyrical to the music
Vocal,pop in lyrical to the music
Vocal,slot in lyrical to the music
Vocal,fit in lyrical to the music
Vocal,place in lyrical to the music
Vocal,tuck in lyrical to the music
Vocal,stick in lyrical to the music
Vocal,press in lyrical to the music
Vocal,ease in lyrical to the music
Vocal,nestle in lyrical to the music
Whistle,slide in Piercing to the music
Whistle,pop in Piercing to the music
Whistle,slot in Piercing to the music
Whistle,fit in Piercing to the music
Whistle,place in Piercing to the music
Whistle,tuck in Piercing to the music
Whistle,stick in Piercing to the music
Whistle,press in Piercing to the music
Whistle,ease in Piercing to the music
Whistle,nestle in Piercing to the music
Whistle,slide in Wind to the music
Whistle,pop in Wind to the music
Whistle,slot in Wind to the music
Whistle,fit in Wind to the music
Whistle,place in Wind to the music
Whistle,tuck in Wind to the music
Whistle,stick in Wind to the music
Whistle,press in Wind to the music
Whistle,ease in Wind to the music
Whistle,nestle in Wind to the music
Whistle,slide in Simple to the music
Whistle,pop in Simple to the music
Whistle,slot in Simple to the music
Whistle,fit in Simple to the music
Whistle,place in Simple to the music
Whistle,tuck in Simple to the music
Whistle,stick in Simple to the music
Whistle,press in Simple to the music
Whistle,ease in Simple to the music
Whistle,nestle in Simple to the music
Whistle,slide in Melodic to the music
Whistle,pop in Melodic to the music
Whistle,slot in Melodic to the music
Whistle,fit in Melodic to the music
Whistle,place in Melodic to the music
Whistle,tuck in Melodic to the music
Whistle,stick in Melodic to the music
Whistle,press in Melodic to the music
Whistle,ease in Melodic to the music
Whistle,nestle in Melodic to the music
Whistle,slide in Wooden to the music
Whistle,pop in Wooden to the music
Whistle,slot in Wooden to the music
Whistle,fit in Wooden to the music
Whistle,place in Wooden to the music
Whistle,tuck in Wooden to the music
Whistle,stick in Wooden to the music
Whistle,press in Wooden to the music
Whistle,ease in Wooden to the music
Whistle,nestle in Wooden to the music
